{"imagesFilenameList": ["data/Collard lizard dark white balance (17).jpg", "data/Collard lizard dark white balance (18).jpg", "data/Collard lizard dark white balance (19).jpg", "data/Collard lizard dark white balance (20).jpg", "data/Collard lizard dark white balance (21).jpg", "data/Collard lizard dark white balance (22).jpg", "data/Collard lizard dark white balance (23).jpg", "data/Collard lizard dark white balance (24).jpg", "data/Collard lizard dark white balance (25).jpg", "data/Collared lizard (1).jpg", "data/Collared lizard (2).jpg", "data/Collared lizard (29).jpg", "data/Collared lizard (3).jpg", "data/Collared lizard (4).jpg", "data/Collared lizard (5).jpg", "data/Ocean Waves (1).jpg", "data/Ocean Waves (2).jpg", "data/Ocean Waves (4).jpg", "data/Ocean Waves (5).jpg", "data/Ocean Waves (6).jpg", "data/Ocean Waves (7).jpg", "data/Ocean Waves (8).jpg", "data/Pelicans in flight (1).jpg", "data/Pelicans in flight (6).jpg", "data/Pelicans in flight (7).jpg", "data/Pelicans in flight (8).jpg"], "device_context": "gpu", "imageClusters_db": 6, "counts_db": [6, 0, 0, 0, 0, 0, 0, 0, 0, 0, 0, 0, 0, 0, 0, 0, 0, 0, 0, 0, 0, 0, 0, 0, 0, 0, 0, 0, 0, 0, 0, 0, 0, 0, 0, 0, 0, 0, 0, 0, 0, 0, 0, 0, 0, 0, 0, 0, 0, 0, 0, 0, 0, 0, 0, 0, 0, 0, 0, 0, 0, 0, 0, 0, 0, 0, 0, 0, 0, 0, 3, 0, 0, 0, 0, 0, 0, 0, 0, 0, 0, 0, 0, 0, 0, 0, 0, 0, 0, 0, 0, 0, 0, 0, 0, 0, 0, 0, 0, 0, 0, 0, 0, 0, 0, 0, 0, 0, 0, 0, 0, 0, 0, 0, 0, 0, 0, 0, 0, 0, 0, 0, 0, 0, 0, 0, 0, 0, 0, 0, 0, 0, 0, 0, 0, 0, 0, 0, 0, 0, 4, 0, 0, 0, 0, 0, 0, 0, 0, 0, 0, 0, 0, 0, 0, 0, 0, 0, 0, 0, 0, 0, 0, 0, 0, 0, 0, 0, 0, 0, 0, 0, 0, 0, 0, 0, 0, 0, 0, 0, 0, 0, 0, 0, 0, 0, 0, 0, 0, 0, 0, 0, 0, 0, 0, 0, 0, 0, 0, 0, 0, 0, 0, 0, 0, 0, 0, 0, 0, 0, 6, 0, 0, 0, 0, 0, 0, 0, 0, 0, 0, 0, 0, 0, 0, 0, 0, 0, 0, 0, 0, 0, 0, 0, 0, 0, 0, 0, 0, 0, 0, 0, 0, 0, 0, 0, 0, 0, 0, 0, 0, 0, 0, 0, 0, 0, 0, 0, 0, 0, 0, 0, 0, 0, 0, 0, 0, 0, 0, 0, 0, 0, 0, 0, 0, 0, 0, 0, 0, 0, 3, 0, 0, 0, 0, 0, 0, 0, 0, 0, 0, 0, 0, 0, 0, 0, 0, 0, 0, 0, 0, 0, 0, 0, 0, 0, 0, 0, 0, 0, 0, 0, 0, 0, 0, 0, 0, 0, 0, 0, 0, 0, 0, 0, 0, 0, 0, 0, 0, 0, 0, 0, 0, 0, 0, 0, 0, 0, 0, 0, 0, 0, 0, 0, 0, 0, 0, 0, 0, 4], "bins_db": [-1.0, -0.9857142857142858, -0.9714285714285714, -0.9571428571428572, -0.9428571428571428, -0.9285714285714286, -0.9142857142857143, -0.9, -0.8857142857142857, -0.8714285714285714, -0.8571428571428572, -0.8428571428571429, -0.8285714285714285, -0.8142857142857143, -0.8, -0.7857142857142857, -0.7714285714285715, -0.7571428571428571, -0.7428571428571429, -0.7285714285714286, -0.7142857142857143, -0.7, -0.6857142857142857, -0.6714285714285715, -0.6571428571428571, -0.6428571428571428, -0.6285714285714286, -0.6142857142857143, -0.6000000000000001, -0.5857142857142857, -0.5714285714285714, -0.5571428571428572, -0.5428571428571429, -0.5285714285714286, -0.5142857142857142, -0.5, -0.48571428571428577, -0.4714285714285714, -0.4571428571428572, -0.44285714285714284, -0.4285714285714286, -0.41428571428571426, -0.4, -0.3857142857142858, -0.37142857142857144, -0.3571428571428572, -0.34285714285714286, -0.3285714285714286, -0.3142857142857143, -0.30000000000000004, -0.2857142857142857, -0.27142857142857146, -0.2571428571428571, -0.24285714285714288, -0.22857142857142865, -0.2142857142857143, -0.20000000000000007, -0.18571428571428572, -0.17142857142857149, -0.15714285714285714, -0.1428571428571429, -0.12857142857142856, -0.11428571428571432, -0.09999999999999998, -0.08571428571428574, -0.07142857142857151, -0.05714285714285716, -0.04285714285714293, -0.02857142857142858, -0.014285714285714346, 0.0, 0.014285714285714235, 0.02857142857142847, 0.04285714285714293, 0.05714285714285716, 0.0714285714285714, 0.08571428571428563, 0.09999999999999987, 0.11428571428571432, 0.12857142857142856, 0.1428571428571428, 0.15714285714285703, 0.17142857142857149, 0.18571428571428572, 0.19999999999999996, 0.2142857142857142, 0.22857142857142843, 0.24285714285714288, 0.2571428571428571, 0.27142857142857135, 0.2857142857142856, 0.30000000000000004, 0.3142857142857143, 0.3285714285714285, 0.34285714285714275, 0.3571428571428572, 0.37142857142857144, 0.3857142857142857, 0.3999999999999999, 0.41428571428571415, 0.4285714285714286, 0.44285714285714284, 0.4571428571428571, 0.4714285714285713, 0.48571428571428577, 0.5, 0.5142857142857142, 0.5285714285714285, 0.5428571428571427, 0.5571428571428572, 0.5714285714285714, 0.5857142857142856, 0.5999999999999999, 0.6142857142857143, 0.6285714285714286, 0.6428571428571428, 0.657142857142857, 0.6714285714285715, 0.6857142857142857, 0.7, 0.7142857142857142, 0.7285714285714284, 0.7428571428571429, 0.7571428571428571, 0.7714285714285714, 0.7857142857142856, 0.8, 0.8142857142857143, 0.8285714285714285, 0.8428571428571427, 0.857142857142857, 0.8714285714285714, 0.8857142857142857, 0.8999999999999999, 0.9142857142857141, 0.9285714285714286, 0.9428571428571428, 0.9571428571428571, 0.9714285714285713, 0.9857142857142855, 1.0, 1.0142857142857142, 1.0285714285714285, 1.0428571428571427, 1.057142857142857, 1.0714285714285712, 1.0857142857142859, 1.1, 1.1142857142857143, 1.1285714285714286, 1.1428571428571428, 1.157142857142857, 1.1714285714285713, 1.1857142857142855, 1.1999999999999997, 1.2142857142857144, 1.2285714285714286, 1.2428571428571429, 1.2571428571428571, 1.2714285714285714, 1.2857142857142856, 1.2999999999999998, 1.314285714285714, 1.3285714285714283, 1.342857142857143, 1.3571428571428572, 1.3714285714285714, 1.3857142857142857, 1.4, 1.4142857142857141, 1.4285714285714284, 1.4428571428571426, 1.4571428571428569, 1.4714285714285715, 1.4857142857142858, 1.5, 1.5142857142857142, 1.5285714285714285, 1.5428571428571427, 1.557142857142857, 1.5714285714285712, 1.5857142857142859, 1.6, 1.6142857142857143, 1.6285714285714286, 1.6428571428571428, 1.657142857142857, 1.6714285714285713, 1.6857142857142855, 1.6999999999999997, 1.7142857142857144, 1.7285714285714286, 1.7428571428571429, 1.7571428571428571, 1.7714285714285714, 1.7857142857142856, 1.7999999999999998, 1.814285714285714, 1.8285714285714283, 1.842857142857143, 1.8571428571428572, 1.8714285714285714, 1.8857142857142857, 1.9, 1.9142857142857141, 1.9285714285714284, 1.9428571428571426, 1.9571428571428569, 1.9714285714285715, 1.9857142857142858, 2.0, 2.0142857142857142, 2.0285714285714285, 2.0428571428571427, 2.057142857142857, 2.071428571428571, 2.0857142857142854, 2.1, 2.1142857142857143, 2.1285714285714286, 2.142857142857143, 2.157142857142857, 2.1714285714285713, 2.1857142857142855, 2.1999999999999997, 2.214285714285714, 2.2285714285714286, 2.242857142857143, 2.257142857142857, 2.2714285714285714, 2.2857142857142856, 2.3, 2.314285714285714, 2.3285714285714283, 2.342857142857143, 2.357142857142857, 2.3714285714285714, 2.3857142857142857, 2.4, 2.414285714285714, 2.4285714285714284, 2.4428571428571426, 2.457142857142857, 2.4714285714285715, 2.4857142857142858, 2.5, 2.5142857142857142, 2.5285714285714285, 2.5428571428571427, 2.557142857142857, 2.571428571428571, 2.5857142857142854, 2.6, 2.6142857142857143, 2.6285714285714286, 2.642857142857143, 2.657142857142857, 2.6714285714285713, 2.6857142857142855, 2.6999999999999997, 2.714285714285714, 2.7285714285714286, 2.742857142857143, 2.757142857142857, 2.7714285714285714, 2.7857142857142856, 2.8, 2.814285714285714, 2.8285714285714283, 2.8428571428571425, 2.857142857142857, 2.8714285714285714, 2.8857142857142857, 2.9, 2.914285714285714, 2.9285714285714284, 2.9428571428571426, 2.957142857142857, 2.971428571428571, 2.9857142857142858, 3.0, 3.0142857142857142, 3.0285714285714285, 3.0428571428571427, 3.057142857142857, 3.071428571428571, 3.0857142857142854, 3.0999999999999996, 3.114285714285714, 3.128571428571428, 3.1428571428571423, 3.1571428571428566, 3.1714285714285717, 3.185714285714286, 3.2, 3.2142857142857144, 3.2285714285714286, 3.242857142857143, 3.257142857142857, 3.2714285714285714, 3.2857142857142856, 3.3, 3.314285714285714, 3.3285714285714283, 3.3428571428571425, 3.3571428571428568, 3.371428571428571, 3.3857142857142852, 3.3999999999999995, 